134,6473219.789,521455.767,1.642,154
135,6473212.138,521451.777,1.637,154
136,6473207.440,521449.727,1.722,154
137,6473199.917,521454.520,1.739,154
138,6473197.569,521457.753,1.769,154
139,6473199.793,521460.208,1.730,154
140,6473207.430,521458.666,1.612,154
141,6473211.615,521459.841,1.549,154
142,6473213.558,521462.238,1.556,154
143,6473204.359,521467.686,1.678,7
144,6473197.904,521451.854,1.880,150
145,6473200.603,521445.203,1.999,150
146,6473187.045,521443.976,1.646,150
147,6473191.474,521440.869,1.662,150
148,6473193.392,521437.897,1.689,166
149,6473195.956,521432.840,1.705,166
150,6473199.023,521430.968,1.755,166
151,6473201.856,521430.519,1.852,166
152,6473200.849,521432.614,1.801,166
153,6473201.215,521436.994,1.763,166
154,6473206.290,521442.409,1.783,166
155,6473210.445,521436.173,1.996,166
156,6473219.323,521426.331,1.827,166
157,6473209.691,521422.361,1.862,166
158,6473206.359,521426.307,1.993,148
159,6473208.378,521425.913,1.974,148
160,6473206.733,521417.815,1.768,154
161,6473200.555,521419.517,1.716,154
162,6473188.435,521416.240,1.723,154
163,6473189.162,521410.045,1.661,154
164,6473186.920,521412.527,1.705,149
165,6473187.131,521413.399,1.766,149
166,6473186.321,521414.184,1.810,149
167,6473182.412,521411.373,1.778,149
168,6473174.574,521411.058,1.693,148
169,6473176.970,521413.610,1.638,7
170,6473173.798,521425.502,1.526,7
171,6473169.644,521437.116,1.476,7
172,6473166.028,521448.508,1.315,7
173,6473173.835,521454.640,1.733,7
174,6473185.366,521455.437,1.665,7
175,6473185.778,521419.948,1.761,149
176,6473176.366,521400.503,1.654,7
177,6473172.444,521391.876,1.623,149
178,6473172.861,521387.283,1.632,7
179,6473183.884,521383.604,1.669,154
180,6473185.085,521380.082,1.593,154
181,6473182.598,521375.985,1.509,149
182,6473181.501,521372.519,1.439,150
183,6473180.099,521373.873,1.568,149
184,6473179.378,521378.222,1.559,154
185,6473179.880,521381.572,1.571,154
186,6473181.037,521384.243,1.622,154
187,6473177.542,521364.515,1.381,7
188,6473178.083,521351.901,1.372,7
189,6473178.987,521338.684,1.520,7
190,6473178.960,521330.052,0.242,50
191,6473182.078,521330.086,0.288,50
192,6473192.204,521330.538,0.301,50
193,6473195.259,521330.265,0.266,50
194,6473081.938,521350.933,0.535,50
195,6473077.577,521351.328,0.272,50
196,6473076.095,521355.443,0.360,50
1,6473182.055,521389.205,3.199,2
2,6473163.501,521411.610,1.507,2
245,6473232.690,521386.054,1.927,149
246,6473228.239,521387.431,1.823,154
247,6473232.822,521378.235,1.888,154
248,6473235.218,521379.330,1.918,149
249,6473235.084,521365.265,1.613,154
