Kood;Koodnimi;Tüüp;Leveli nimi;Joone/Celli nimi;Skaala
1;;CELL;ALUSVORK;KOHPP;0.5
2;;CELL;ALUSVORK;SPYMAR;0.5
6;;JOON;HOONE;HOONEKP;
7;;CELL;KORGUS-EH2000;RING02;0.5
10;;JOON;HOONE;KATUSEALL;
22;;JOON;TEE;AAREKIVI;
18;;JOON;TEE;ASFBET;
20;;JOON;TEE;KRUUSKILL;
24;;JOON;TEE;PINNASTEE;
200;;CELL;KKAEV;KAKAEV;0.5
201;;CELL;SKKAEV;REKAEV;0.5
161;;CELL;PUU;MAND1;0.5
154;;JOON;HALJASTUS;KOLVIK;
149;;CELL;PUU;LEHTP1;0.5
150;;CELL;PUU;LEHTP2;0.5
166;;JOON;HALJASTUS;KOLVIK;
148;;CELL;HALJASTUS;PQQSAS;0.5
50;;JOON;VEEKOGU;VEEPIIR;
